{"cameraMode":{"drawMode":0,"name":"Shaded","section":"Shading Mode"},"sceneLighting":true,"audioPlay":false,"sceneViewState":{"showFog":true,"showMaterialUpdate":false,"showSkybox":true,"showFlares":true,"showImageEffects":true,"showParticleSystems":true},"in2DMode":false,"pivot":{"x":1.4702157974243165,"y":-1.7972664833068848,"z":-1.9637184143066407},"rotation":{"x":0.0646916925907135,"y":0.9345318675041199,"z":-0.26620882749557497,"w":0.2272156924009323},"size":10.0,"orthographic":false}