{"cameraMode":{"drawMode":0,"name":"Shaded","section":"Shading Mode"},"sceneLighting":true,"audioPlay":false,"sceneViewState":{"showFog":true,"showMaterialUpdate":false,"showSkybox":true,"showFlares":true,"showImageEffects":true,"showParticleSystems":true},"in2DMode":false,"pivot":{"x":-10.66895866394043,"y":-5.353338241577148,"z":68.68634033203125},"rotation":{"x":0.17021678388118745,"y":-0.755724310874939,"z":0.21649469435214997,"w":0.5941860675811768},"size":17.800813674926759,"orthographic":false}