{"cameraMode":{"drawMode":0,"name":"Shaded","section":"Shading Mode"},"sceneLighting":true,"audioPlay":false,"sceneViewState":{"showFog":true,"showMaterialUpdate":false,"showSkybox":true,"showFlares":true,"showImageEffects":true,"showParticleSystems":true},"in2DMode":false,"pivot":{"x":0.5697394609451294,"y":-7.777308464050293,"z":67.78082275390625},"rotation":{"x":0.09883319586515427,"y":0.010449149645864964,"z":-0.0010379161685705186,"w":0.9950507283210754},"size":46.03669738769531,"orthographic":false}