{"cameraMode":{"drawMode":0,"name":"Shaded","section":"Shading Mode"},"sceneLighting":true,"audioPlay":false,"sceneViewState":{"showFog":true,"showMaterialUpdate":false,"showSkybox":true,"showFlares":true,"showImageEffects":true,"showParticleSystems":true},"in2DMode":false,"pivot":{"x":-17.49211311340332,"y":6.832879066467285,"z":58.667240142822269},"rotation":{"x":-0.06276606768369675,"y":-0.921413779258728,"z":0.16767007112503053,"w":-0.34493276476860049},"size":16.96673011779785,"orthographic":false}